{
	"Data": {
		"CollageRect": [
			{
				"Rect": "Left:0|Top:0|Right:800|Bottom:800|",
				"FileName": "refresh_40634.png",
				"Size": "16767"
			},
			{
				"Rect": "Left:0|Top:800|Right:400|Bottom:1200|",
				"FileName": "refresh_arrow_6296.png",
				"Size": "11688"
			},
			{
				"Rect": "Left:400|Top:800|Right:800|Bottom:1200|",
				"FileName": "left_icon-icons.com_61213.png",
				"Size": "963"
			}
		],
		"CollageSizeMax": "X:800|Y:1200|",
		"PhotoSqueeze": "0",
		"PhotoSqueeze_MaxWidth": "800"
	}
}
